doi,esac_id,num_affiliations,count_affiliations,num_rors,count_affiliations_id_ror
10.1364/AO.492461,opg2023tib,1,0,1,5
10.1364/BOE.543611,opg2023tib,2,1,1,3
10.1364/AO.486206,opg2023tib,1,0,1,4
10.1364/OE.476261,opg2023tib,2,1,1,2
10.1364/JOSAA.477183,opg2023tib,1,0,1,4
10.1364/OE.484893,opg2023tib,3,6,1,9
10.1364/OL.502825,opg2023tib,1,0,1,4
10.1364/AO.476974,opg2023tib,3,3,1,7
10.1364/BOE.568862,opg2023tib,1,0,1,2
10.1364/OL.503170,opg2023tib,4,3,1,5
10.1364/AO.502846,opg2023tib,2,2,1,3
10.1364/OL.538135,opg2023tib,2,2,1,3
10.1364/OE.494445,opg2023tib,2,1,1,3
10.1364/AO.516580,opg2023tib,2,1,1,2
10.1364/OL.534475,opg2023tib,2,3,1,6
10.1364/OE.475987,opg2023tib,4,3,1,12
10.1364/OE.504694,opg2023tib,2,2,1,4
10.1364/OL.494164,opg2023tib,1,0,1,4
10.1364/OE.544174,opg2023tib,3,4,1,7
10.1364/OE.487581,opg2023tib,2,2,1,4
10.1364/OL.498042,opg2023tib,6,5,1,11
10.1364/AO.531069,opg2023tib,1,0,1,5
10.1364/OL.521471,opg2023tib,1,0,1,5
10.1364/AO.515083,opg2023tib,2,2,1,5
10.1364/OL.501583,opg2023tib,3,2,1,5
10.1364/OL.502324,opg2023tib,1,0,1,5
10.1364/OE.504582,opg2023tib,3,4,1,5
10.1364/JOSAA.538103,opg2023tib,1,0,1,3
10.1364/OL.519177,opg2023tib,3,2,1,3
10.1364/AO.492506,opg2023tib,3,4,1,5
10.1364/AO.532878,opg2023tib,1,0,1,3
10.1364/JOSAB.505767,opg2023tib,2,3,1,5
10.1364/OE.486341,opg2023tib,2,3,1,8
10.1364/JOSAB.510611,opg2023tib,2,1,1,2
10.1364/OL.564062,opg2023tib,2,2,1,13
10.1364/OL.536925,opg2023tib,3,2,1,3
10.1364/OL.502001,opg2023tib,3,2,1,7
10.1364/JOSAA.501593,opg2023tib,1,0,1,3
10.1364/OE.482387,opg2023tib,1,0,1,2
10.1364/AO.475076,opg2023tib,2,1,1,4
10.1364/OE.487119,opg2023tib,4,6,1,7
10.1364/OE.509198,opg2023tib,2,4,1,10
10.1364/OME.507230,opg2023tib,3,2,1,4
10.1364/OE.562574,opg2023tib,1,0,1,3
10.1364/OME.502209,opg2023tib,2,3,1,4
10.1364/AO.479539,opg2023tib,1,0,1,4
10.1364/OE.489688,opg2023tib,1,0,1,4
10.1364/OL.478790,opg2023tib,5,4,1,6
10.1364/JOSAB.567775,opg2023tib,3,3,1,4
10.1364/OE.573984,opg2023tib,2,4,1,5
10.1364/OL.503909,opg2023tib,3,1,2,8
10.1364/OE.516433,opg2023tib,2,8,1,10
10.1364/AO.485639,opg2023tib,2,1,1,4
10.1364/OE.504292,opg2023tib,2,2,1,5
10.1364/AO.557070,opg2023tib,3,2,1,6
10.1364/OE.527895,opg2023tib,2,1,1,6
10.1364/OE.542829,opg2023tib,3,4,1,7
10.1364/OL.488181,opg2023tib,2,2,1,6
10.1364/BOE.574142,opg2023tib,2,1,1,8
10.1364/BOE.478787,opg2023tib,2,1,1,4
10.1364/OPTICA.513551,opg2023tib,2,1,1,8
10.1364/OE.517758,opg2023tib,1,0,1,6
10.1364/OE.562553,opg2023tib,2,1,1,3
10.1364/OE.479899,opg2023tib,2,4,1,5
10.1364/OME.521506,opg2023tib,5,5,1,6
10.1364/OE.485866,opg2023tib,1,0,1,2
10.1364/OE.518964,opg2023tib,2,3,1,12
10.1364/OE.547128,opg2023tib,3,4,1,7
10.1364/OL.559945,opg2023tib,2,4,1,6
10.1364/OE.518081,opg2023tib,5,4,2,8
10.1364/AO.503531,opg2023tib,1,0,1,3
10.1364/OE.549266,opg2023tib,2,1,1,3
10.1364/OE.495353,opg2023tib,2,2,1,4
10.1364/OE.478873,opg2023tib,1,0,1,4
10.1364/JOSAA.536572,opg2023tib,1,0,1,3
10.1364/OPTCON.519347,opg2023tib,2,2,1,4
10.1364/OL.519345,opg2023tib,1,0,1,7
10.1364/BOE.547794,opg2023tib,3,3,1,6
10.1364/OE.498022,opg2023tib,2,1,1,4
10.1364/OL.539725,opg2023tib,2,2,1,4
10.1364/JOSAB.485725,opg2023tib,1,0,1,3
10.1364/AO.516029,opg2023tib,1,0,1,5
10.1364/AO.479765,opg2023tib,2,2,1,5
10.1364/OE.562556,opg2023tib,3,3,1,5
10.1364/JOSAA.479552,opg2023tib,1,0,1,3
10.1364/OE.571625,opg2023tib,4,4,1,5
10.1364/OE.540189,opg2023tib,1,0,1,3
10.1364/BOE.553849,opg2023tib,2,2,1,5
10.1364/OE.484126,opg2023tib,1,0,1,12
10.1364/OL.501824,opg2023tib,2,3,1,4
10.1364/OE.504623,opg2023tib,2,2,1,4
10.1364/OL.492511,opg2023tib,4,4,1,7
10.1364/AO.465944,opg2023tib,1,0,1,2
10.1364/AO.487262,opg2023tib,1,0,1,1
10.1364/OL.537902,opg2023tib,5,5,1,7
10.1364/BOE.514904,opg2023tib,3,2,1,8
10.1364/OPTICA.484200,opg2023tib,3,6,1,9
10.1364/BOE.572738,opg2023tib,2,0,2,12
10.1364/OL.540612,opg2023tib,2,2,1,6
10.1107/S1600576722007440,wiley2019deal,5,0,5,10
10.1107/S1600576722002230,wiley2019deal,2,0,2,11
10.1107/S1600576723003291,wiley2019deal,3,0,3,8
10.1107/S2059798322009755,wiley2019deal,1,0,1,7
10.1107/S1600576722003089,wiley2019deal,1,0,1,5
10.1107/S1600577522009778,wiley2019deal,1,0,1,2
10.1107/S1600576721012668,wiley2019deal,2,0,2,3
10.1107/S2059798323001778,wiley2019deal,2,0,2,5
10.1107/S1600576723004909,wiley2019deal,2,0,2,5
10.1107/S1600576722004356,wiley2019deal,5,0,5,8
10.1107/S1600576723005940,wiley2019deal,1,0,1,1
10.1107/S1600577522002582,wiley2019deal,3,0,3,17
10.1107/S1600577522006701,wiley2019deal,1,0,1,32
10.1107/S1600576723000146,wiley2019deal,2,0,2,3
10.1107/S1600576722003314,wiley2019deal,1,0,1,3
10.1107/S1600576722010858,wiley2019deal,1,0,1,2
10.1107/S1600576722001029,wiley2019deal,1,0,1,1
10.1107/S1600576722011748,wiley2019deal,1,0,1,5
10.1107/S1600576722009505,wiley2019deal,2,0,2,3
10.1107/S1600577522011523,wiley2019deal,1,0,1,2
10.1107/S205979832300582X,wiley2019deal,1,0,1,6
10.1107/S2052520623000215,wiley2019deal,1,0,1,2
10.1107/S1600576723009287,wiley2019deal,2,0,2,8
10.1107/S2053273323008458,wiley2019deal,2,0,2,2
10.1107/S1600576723001577,wiley2019deal,1,0,1,6
10.1107/S1600576723000845,wiley2019deal,2,0,2,3
10.1107/S1600577523000814,wiley2019deal,2,0,2,13
10.1107/S2059798323002565,wiley2019deal,2,0,2,5
10.1107/S160057672200677X,wiley2019deal,1,0,1,5
10.1107/S1600576723004855,wiley2019deal,3,0,3,7
10.1107/S2059798323003248,wiley2019deal,1,0,1,4
10.1107/S1600577523002011,wiley2019deal,1,0,1,4
10.1107/S2052520622001457,wiley2019deal,4,0,4,4
10.1107/S1600577523000395,wiley2019deal,2,0,2,13
10.1107/S1600576722009931,wiley2019deal,1,0,1,5
10.1107/S1600576723008476,wiley2019deal,1,0,1,2
10.1107/S1600577522010244,wiley2019deal,3,0,3,7
10.1107/S1600577523007336,wiley2019deal,3,0,3,19
10.1107/S1600576722009815,wiley2019deal,2,0,2,17
10.1107/S1600576722009219,wiley2019deal,1,0,1,5
10.1107/S2053273323002644,wiley2019deal,1,0,1,3
10.1107/S160057752300749X,wiley2019deal,3,0,3,11
10.1107/S205252062300121X,wiley2019deal,3,0,3,4
10.1107/S1600576721011936,wiley2019deal,1,0,1,7
10.1107/S1600577522007287,wiley2019deal,3,0,3,9
10.1107/S2052520623000720,wiley2019deal,1,0,1,1
10.1107/S1600577523001613,wiley2019deal,3,0,3,10
10.1107/S2052520622000634,wiley2019deal,5,0,5,8
10.1107/S2059798323004199,wiley2019deal,1,0,1,2
10.1107/S1600576723008324,wiley2019deal,30,0,30,41
10.1107/S1600576723006520,wiley2019deal,1,0,1,2
10.1107/S1600576723002819,wiley2019deal,1,0,1,5
10.1107/S2059798322011433,wiley2019deal,1,0,1,5
10.1107/S1600576722004800,wiley2019deal,2,0,2,3
10.1107/S2059798323004862,wiley2019deal,1,0,1,3
10.1107/S2052520622004942,wiley2019deal,1,0,1,2
10.1107/S2059798323005223,wiley2019deal,2,0,2,5
10.1107/S1600577523003685,wiley2019deal,1,0,1,4
10.1107/S2059798323003765,wiley2019deal,1,0,1,1
10.1107/S2053230X22005350,wiley2019deal,2,0,2,5
10.1107/S205252062300817X,wiley2019deal,7,0,7,9
10.1107/S2053273323000682,wiley2019deal,1,0,1,3
10.1107/S1600577522012103,wiley2019deal,2,0,2,5
10.1107/S160057752200193X,wiley2019deal,2,0,2,3
10.1107/S205327332200626X,wiley2019deal,2,0,2,2
10.1107/S2052520623005814,wiley2019deal,3,0,3,11
10.1107/S1600577523001649,wiley2019deal,1,0,1,2
10.1107/S205252062300776X,wiley2019deal,1,0,1,1
10.1107/S1600576723000134,wiley2019deal,2,0,2,3
10.1107/S2053230X2300571X,wiley2019deal,1,0,1,4
10.1107/S1600577523003910,wiley2019deal,15,0,15,59
10.1107/S1600577522002284,wiley2019deal,5,0,5,27
10.1107/S160057672200293X,wiley2019deal,1,0,1,5
10.1107/S205252062200779X,wiley2019deal,1,0,1,3
10.1107/S1600576722010093,wiley2019deal,5,0,5,8
10.1107/S2059798322005009,wiley2019deal,1,0,1,1
10.1107/S1600576723002121,wiley2019deal,2,0,2,2
10.1107/S2059798323004254,wiley2019deal,1,0,1,2
10.1107/S2052520623000999,wiley2019deal,4,0,4,7
10.1107/S2052520622002645,wiley2019deal,2,0,2,4
10.1107/S1600576723007446,wiley2019deal,1,0,1,5
10.1107/S1600576722004691,wiley2019deal,2,0,2,6
10.1107/S1600576723007215,wiley2019deal,1,0,1,5
10.1107/S1600577522008025,wiley2019deal,2,0,2,13
10.1107/S2053230X23005721,wiley2019deal,1,0,1,4
10.1107/S1600576723009068,wiley2019deal,3,0,3,3
10.1107/S1600577522005720,wiley2019deal,4,0,4,15
10.1107/S1600577522004489,wiley2019deal,3,0,3,10
10.1107/S1600577522003551,wiley2019deal,1,0,1,21
10.1107/S1600576723000857,wiley2019deal,4,0,4,4
10.1107/S2059798323006137,wiley2019deal,1,0,1,10
10.1107/S1600576722001261,wiley2019deal,1,0,1,3
10.1107/S2059798322003928,wiley2019deal,1,0,1,4
10.1107/S1600577522002685,wiley2019deal,3,0,3,3
10.1107/S1600577521012650,wiley2019deal,1,0,1,8
10.1107/S1600577522012085,wiley2019deal,2,0,2,26
10.1107/S2053230X22009736,wiley2019deal,1,0,1,5
10.1107/S2053229622011536,wiley2019deal,1,0,1,3
10.1107/S2052520622009660,wiley2019deal,2,0,2,2
10.1107/S1600577522007342,wiley2019deal,1,0,1,5
10.1107/S2052520623000434,wiley2019deal,1,0,1,2
10.1107/S2053230X22007853,wiley2019deal,1,0,1,6
10.1107/S1600577522007573,wiley2019deal,3,0,3,8
10.1107/S1600576723007203,wiley2019deal,1,0,1,5
10.1107/S1600576723006714,wiley2019deal,1,0,1,6
10.1107/S1600576723003795,wiley2019deal,2,0,2,8
10.1107/S2053273323001948,wiley2019deal,1,0,1,3
10.1107/S2053273323004990,wiley2019deal,1,0,1,1
10.1107/S1600576723007720,wiley2019deal,1,0,1,1
10.1107/S1600576722011566,wiley2019deal,1,0,1,7
10.1107/S205252062300327X,wiley2019deal,1,0,1,1
10.1107/S2052520622004954,wiley2019deal,1,0,1,2
10.1107/S1600577523003491,wiley2019deal,1,0,1,1
10.1107/S1600577522007019,wiley2019deal,3,0,3,3
10.1107/S205979832201186X,wiley2019deal,1,0,1,4
10.1107/S1600577522005136,wiley2019deal,1,0,1,2
10.1107/S2059798322009068,wiley2019deal,2,0,2,6
10.1107/S1600577523008603,wiley2019deal,1,0,1,5
10.1107/S1600576722002667,wiley2019deal,2,0,2,5
10.1107/S1600576722006549,wiley2019deal,6,0,6,11
10.1107/S1600577522007627,wiley2019deal,1,0,1,18
10.1107/S1600577522008773,wiley2019deal,1,0,1,4
10.1107/S1600577523004538,wiley2019deal,1,0,1,1
10.1107/S2053230X22008317,wiley2019deal,1,0,1,2
10.1107/S1600576723007057,wiley2019deal,4,0,4,5
10.1107/S1600577523003090,wiley2019deal,3,0,3,24
10.1107/S1600577522010347,wiley2019deal,6,0,6,37
10.1107/S1600577523008159,wiley2019deal,1,0,1,27
10.1107/S2059798322011901,wiley2019deal,1,0,1,2
10.1107/S1600577522009997,wiley2019deal,5,0,5,15
10.1107/S1600576723005496,wiley2019deal,3,0,3,8
10.1107/S205252062201160X,wiley2019deal,2,0,2,2
10.1107/S1600576722008081,wiley2019deal,1,0,1,3
10.1107/S1600576723004405,wiley2019deal,2,0,2,17
10.1107/S1600577523003041,wiley2019deal,5,0,5,24
10.1107/S1600577522011341,wiley2019deal,1,0,1,2
10.1107/S1600577523000619,wiley2019deal,14,0,14,59
10.1107/S1600576722004435,wiley2019deal,4,0,4,13
10.1107/S1600577525006939,wiley2024deal,3,0,3,6
10.1107/S1600577524003552,wiley2024deal,2,0,2,6
10.1107/S160057752400986X,wiley2024deal,7,0,7,29
10.1107/S2053230X25000913,wiley2024deal,1,0,1,3
10.1107/S1600576724002115,wiley2024deal,1,0,1,7
10.1107/S2053230X24011294,wiley2024deal,1,0,1,3
10.1107/S205252062400146X,wiley2024deal,2,0,2,3
10.1107/S1600577525006484,wiley2024deal,2,0,2,5
10.1107/S1600577523009852,wiley2024deal,4,0,4,5
10.1107/S1600577524000808,wiley2024deal,1,0,1,5
10.1107/S1600576725009951,wiley2024deal,1,0,1,1
10.1107/S1600577524004739,wiley2024deal,1,0,1,7
10.1107/S1600576725001499,wiley2024deal,1,0,1,1
10.1107/S1600576724000682,wiley2024deal,2,0,2,7
10.1107/S2059798323011002,wiley2024deal,1,0,1,2
10.1107/S1600577524003400,wiley2024deal,3,0,3,12
10.1107/S1600576725006727,wiley2024deal,1,0,1,2
10.1107/S1600576723010981,wiley2024deal,3,0,3,3
10.1107/S1600577524006751,wiley2024deal,4,0,4,10
10.1107/S1600576724007659,wiley2024deal,6,0,6,7
10.1107/S160057672500158X,wiley2024deal,4,0,4,18
10.1107/S1600576725001955,wiley2024deal,1,0,1,1
10.1107/S1600576725003188,wiley2024deal,2,0,2,8
10.1107/S1600576724004448,wiley2024deal,6,0,6,8
10.1107/S2059798324008519,wiley2024deal,1,0,1,3
10.1107/S1600577523009591,wiley2024deal,2,0,2,11
10.1107/S160057752400804X,wiley2024deal,1,0,1,6
10.1107/S1600576725000901,wiley2024deal,2,0,2,4
10.1107/S1600577524003618,wiley2024deal,2,0,2,10
10.1107/S1600576724010215,wiley2024deal,1,0,1,1
10.1107/S1600576724009130,wiley2024deal,5,0,5,13
10.1107/S2053273325002347,wiley2024deal,1,0,1,3
10.1107/S1600576724007246,wiley2024deal,4,0,4,5
10.1107/S1600577525008550,wiley2024deal,1,0,1,4
10.1107/S1600577524000158,wiley2024deal,3,0,3,7
10.1107/S2052520624003421,wiley2024deal,1,0,1,1
10.1107/S1600576724002887,wiley2024deal,2,0,2,3
10.1107/S1600576724003820,wiley2024deal,1,0,1,3
10.1107/S1600576725003541,wiley2024deal,3,0,3,4
10.1107/S1600576724007635,wiley2024deal,1,0,1,6
10.1107/S2053230X25000081,wiley2024deal,1,0,1,2
10.1107/S1600577525007568,wiley2024deal,3,0,3,7
10.1107/S1600576725006715,wiley2024deal,1,0,1,4
10.1107/S1600577524001905,wiley2024deal,1,0,1,7
10.1107/S1600577524002200,wiley2024deal,3,0,3,6
10.1107/S2052520624007583,wiley2024deal,2,0,2,5
10.1107/S160057752300944X,wiley2024deal,2,0,2,9
10.1107/S1600576724003509,wiley2024deal,1,0,1,5
10.1107/S1600577525000669,wiley2024deal,2,0,2,7
10.1107/S1600576724010264,wiley2024deal,2,0,2,2
10.1107/S1600577525001389,wiley2024deal,3,0,3,14
10.1107/S160057752500116X,wiley2024deal,2,0,2,15
10.1107/S1600576725008179,wiley2024deal,1,0,1,5
10.1107/S2053273324011513,wiley2024deal,1,0,1,1
10.1107/S1600576725009562,wiley2024deal,1,0,1,6
10.1107/S1600577525001110,wiley2024deal,3,0,3,19
10.1107/S2053230X25005266,wiley2024deal,1,0,1,4
10.1107/S1600577524011718,wiley2024deal,3,0,3,11
10.1107/S1600576724011920,wiley2024deal,1,0,1,2
10.1107/S1600576724004114,wiley2024deal,5,0,5,11
10.1107/S2053230X24000645,wiley2024deal,1,0,1,3
10.1107/S1600577524008488,wiley2024deal,1,0,1,16
10.1107/S1600577524000304,wiley2024deal,3,0,3,10
10.1107/S2053230X24007039,wiley2024deal,2,0,2,6
10.1107/S1600577524005319,wiley2024deal,2,0,2,15
10.1107/S1600577523009670,wiley2024deal,2,0,2,3
10.1107/S1600576725004923,wiley2024deal,3,0,3,11
10.1107/S1600577525003777,wiley2024deal,1,0,1,15
10.1107/S1600577524003850,wiley2024deal,2,0,2,9
10.1107/S2059798324005588,wiley2024deal,1,0,1,2
10.1107/S2053230X24000827,wiley2024deal,1,0,1,3
10.1107/S2059798325008563,wiley2024deal,2,0,2,10
10.1107/S1600577525003686,wiley2024deal,2,0,2,4
10.1107/S1600577525003728,wiley2024deal,2,0,2,7
10.1107/S1600577524004673,wiley2024deal,1,0,1,4
10.1107/S1600576723009573,wiley2024deal,1,0,1,3
10.1107/S205979832400086X,wiley2024deal,2,0,2,4
10.1107/S1600577524003540,wiley2024deal,2,0,2,11
10.1107/S1600576724002711,wiley2024deal,7,0,7,17
10.1107/S1600576724003996,wiley2024deal,1,0,1,2
10.1107/S160057672400147X,wiley2024deal,1,0,1,4
10.1107/S160057672400493X,wiley2024deal,1,0,1,1
10.1107/S1600576724000992,wiley2024deal,1,0,1,3
10.1107/S1600576725000974,wiley2024deal,1,0,1,9
10.1107/S160057672500353X,wiley2024deal,2,0,2,14
10.1107/S1600576724007362,wiley2024deal,1,0,1,2
10.1107/S2053273325000300,wiley2024deal,2,0,2,2
10.1107/S1600577525003868,wiley2024deal,2,0,2,5
10.1107/S1600577524004090,wiley2024deal,2,0,2,4
10.1107/S1600576725000093,wiley2024deal,1,0,1,2
10.1107/S1600577525003431,wiley2024deal,1,0,1,3
10.1107/S1600576725007459,wiley2024deal,1,0,1,1
10.1107/S1600577525008100,wiley2024deal,2,0,2,10
10.1107/S1600577524007318,wiley2024deal,3,0,3,9
10.1107/S2059798325004498,wiley2024deal,2,0,2,6
10.1107/S1600577524010890,wiley2024deal,6,0,6,41
10.1107/S2052520624007091,wiley2024deal,2,0,2,5
10.1107/S1600577525002826,wiley2024deal,2,0,2,12
10.1107/S1600577524010683,wiley2024deal,1,0,1,5
10.1107/S1600576725007599,wiley2024deal,1,0,1,4
10.1107/S1600577525003959,wiley2024deal,3,0,3,11
10.1107/S1600577524008816,wiley2024deal,3,0,3,4
10.1107/S1600576724008914,wiley2024deal,1,0,1,6
10.1107/S2052520624002683,wiley2024deal,5,0,5,10
10.1107/S160057752400331X,wiley2024deal,2,0,2,11
10.1107/S1600577524002753,wiley2024deal,2,0,2,4
10.1107/S1600577525002814,wiley2024deal,2,0,2,2
10.1107/S1600576723011159,wiley2024deal,2,0,2,5
10.1107/S1600577524008646,wiley2024deal,1,0,1,6
10.1107/S160057672500175X,wiley2024deal,3,0,3,7
10.1107/S1600576725002572,wiley2024deal,3,0,3,7
10.1107/S1600576724004333,wiley2024deal,1,0,1,1
10.1107/S2059798325006424,wiley2024deal,1,0,1,1
10.1107/S2059798325002864,wiley2024deal,3,0,3,9
10.1107/S160057752400609X,wiley2024deal,2,0,2,6
10.1107/S1600577524003801,wiley2024deal,2,0,2,3
10.1107/S1600577524011706,wiley2024deal,1,0,1,2
10.1107/S205979832400336X,wiley2024deal,3,0,3,7
