publication_year,esac_publisher,total_dois,author_position_pct,author_pct,institutions_pct,countries_pct,is_corresponding_pct,raw_author_name_pct,raw_affiliation_strings_pct,affiliations_pct,walden_author_position_pct,walden_author_pct,walden_institutions_pct,walden_countries_pct,walden_is_corresponding_pct,walden_raw_author_name_pct,walden_raw_affiliation_strings_pct,walden_affiliations_pct
2018,AIP Publishing,24969,99.58,99.58,98.17,99.66,99.58,99.58,99.82,99.82,99.57,99.57,96.91,96.91,99.57,99.57,97.73,97.73
2019,AIP Publishing,24403,99.57,99.57,97.51,99.47,99.57,99.57,99.84,99.84,99.58,99.58,96.63,96.63,99.58,99.58,98.2,98.2
2020,AIP Publishing,23010,99.69,99.69,97.26,99.58,99.69,99.69,99.85,99.85,99.65,99.65,95.67,95.67,99.65,99.65,97.18,97.18
2021,AIP Publishing,20443,99.64,99.64,97.6,99.62,99.64,99.64,99.8,99.8,99.58,99.58,96.18,96.18,99.58,99.58,95.69,95.69
2022,AIP Publishing,23868,99.6,99.6,90.99,93.1,99.6,99.6,93.45,93.45,99.59,99.59,89.37,89.37,99.59,99.59,89.96,89.96
2023,AIP Publishing,35854,99.58,99.58,51.63,52.04,99.58,99.58,52.25,52.25,98.81,98.81,49.36,49.36,98.81,98.81,49.6,49.6
2024,AIP Publishing,34509,99.61,99.61,69.41,70.08,99.61,99.61,70.65,70.65,99.66,99.66,67.62,67.62,99.66,99.66,68.34,68.34
2025,AIP Publishing,21921,99.8,99.8,51.28,51.55,99.8,99.8,51.8,51.8,99.8,99.8,78.53,78.53,99.8,99.8,78.96,78.96
2018,American Chemical Society,52211,99.94,99.94,99.19,99.46,99.94,99.94,99.5,99.5,99.98,99.98,98.58,98.58,99.98,99.98,98.12,98.12
2019,American Chemical Society,56839,99.96,99.96,99.19,99.38,99.96,99.96,99.44,99.44,99.98,99.98,98.53,98.53,99.98,99.98,97.99,97.99
2020,American Chemical Society,59173,99.92,99.92,99.13,99.37,99.92,99.92,99.43,99.43,99.99,99.99,98.97,98.97,99.99,99.99,98.26,98.26
2021,American Chemical Society,60611,99.94,99.94,98.9,99.09,99.94,99.94,99.18,99.18,100,100,98.75,98.75,100,100,97.67,97.67
2022,American Chemical Society,60525,99.95,99.95,99.42,99.61,99.95,99.95,99.69,99.69,99.99,99.99,99.34,99.34,99.99,99.99,98.63,98.63
2023,American Chemical Society,64997,99.99,99.99,99.4,99.63,99.99,99.99,99.73,99.73,100,100,99.39,99.39,100,100,99.05,99.05
2024,American Chemical Society,74465,99.99,99.99,99.41,99.61,99.99,99.99,99.75,99.75,100,100,99.39,99.39,100,100,99.31,99.31
2025,American Chemical Society,60817,100,100,98.95,99.26,100,100,99.7,99.7,100,100,99.07,99.06,100,100,99.58,99.58
2018,American Physical Society,19409,100,100,99.35,99.69,100,100,99.74,99.74,100,100,99.03,99.03,100,100,97.31,97.31
2019,American Physical Society,19754,100,100,99.55,99.86,100,100,99.9,99.9,100,100,99.07,99.07,100,100,97.28,97.28
2020,American Physical Society,21693,100,100,99.62,99.87,100,100,99.9,99.9,100,100,99.14,99.14,100,100,97.16,97.16
2021,American Physical Society,20597,100,100,99.62,99.89,100,100,99.94,99.94,100,100,99.21,99.21,100,100,88.83,88.83
2022,American Physical Society,19985,100,100,99.7,99.9,100,100,99.95,99.95,100,100,99.22,99.22,100,100,88.9,88.9
2023,American Physical Society,19602,100,100,99.38,99.67,100,100,99.76,99.76,100,100,98.43,98.43,100,100,97.36,97.36
2024,American Physical Society,22028,100,100,99.24,99.38,100,100,99.78,99.78,100,100,98.96,98.96,100,100,98.84,98.84
2025,American Physical Society,15621,100,100,91.59,91.86,100,100,92.78,92.78,100,100,96.98,96.98,100,100,97.18,97.18
2018,Association for Computing Machinery,2895,99.76,99.76,95.3,95.96,99.76,99.76,97.86,97.86,98.93,98.93,95.79,95.79,98.93,98.93,97.1,97.1
2019,Association for Computing Machinery,3040,99.93,99.93,94.8,95.79,99.93,99.93,97.7,97.7,99.21,99.21,95.3,95.3,99.21,99.21,95.99,95.99
2020,Association for Computing Machinery,3234,99.91,99.91,94.12,94.87,99.91,99.91,97.31,97.28,99.41,99.41,94.9,94.9,99.41,99.41,95.05,95.05
2021,Association for Computing Machinery,4028,99.9,99.9,95.88,96.67,99.9,99.9,98.19,98.19,99.7,99.7,96.47,96.47,99.7,99.7,94.14,94.14
2022,Association for Computing Machinery,4657,99.98,99.98,96.99,97.83,99.98,99.98,98.69,98.69,99.98,99.98,97.32,97.32,99.98,99.98,97.7,97.7
2023,Association for Computing Machinery,4587,100,100,96.77,97.99,100,100,99.04,99.04,100,100,97.04,97.04,100,100,99.04,99.04
2024,Association for Computing Machinery,5107,99.94,99.94,97.28,98.3,99.94,99.94,99.02,99.02,99.98,99.98,97.55,97.55,99.98,99.98,98.86,98.86
2025,Association for Computing Machinery,4558,99.98,99.98,97.98,98.77,99.98,99.98,99.3,99.3,99.98,99.98,98.51,98.51,99.98,99.98,99.17,99.17
2018,BMJ Publishing,10389,98.84,98.84,98.42,99.34,98.84,98.84,99.84,99.84,98.94,98.94,98.01,98.01,98.94,98.94,97.57,97.57
2019,BMJ Publishing,12953,99.54,99.54,98.32,98.91,99.54,99.54,99.65,99.65,99.55,99.55,97.58,97.58,99.55,99.55,97.17,97.17
2020,BMJ Publishing,15830,99.48,99.48,95.39,92.69,99.48,99.48,98.07,98.07,99.53,99.53,94.57,94.57,99.53,99.53,95.39,95.39
2021,BMJ Publishing,17036,99.47,99.47,95.89,93.97,99.47,99.47,98.34,98.34,99.48,99.48,95.11,95.11,99.48,99.48,95.84,95.84
2022,BMJ Publishing,15126,99.4,99.4,95.52,93.52,99.4,99.4,98.12,98.12,99.47,99.47,94.72,94.72,99.47,99.47,95.7,95.7
2023,BMJ Publishing,12748,99.3,99.3,96.21,93.77,99.3,99.3,98.14,98.14,99.33,99.33,95.18,95.18,99.33,99.33,95.98,95.98
2024,BMJ Publishing,14044,99.12,99.12,95.86,94.37,99.12,99.12,98.13,98.13,99.17,99.17,81.99,81.99,99.17,99.17,83.26,83.26
2025,BMJ Publishing,11802,99.46,99.46,95.32,94.78,99.46,99.46,97.76,97.76,99.53,99.53,84.19,84.19,99.53,99.53,85.17,85.17
2018,Brill,6644,97.03,97.03,78.99,82.56,97.03,97.03,85.96,85.96,97.11,97.11,75.89,75.89,97.11,97.11,82.77,82.77
2019,Brill,7181,96.53,96.53,83.71,86.8,96.53,96.53,89.36,89.36,96.48,96.48,82.02,82.02,96.48,96.48,86.6,86.6
2020,Brill,7605,96.21,96.21,84.77,88.06,96.21,96.21,89.95,89.95,96.24,96.24,83.87,83.87,96.24,96.24,87.21,87.21
2021,Brill,7427,97.32,97.32,86.62,90.93,97.32,97.32,92.11,92.11,97.29,97.29,86.16,86.16,97.29,97.29,89.5,89.5
2022,Brill,7059,97.11,97.11,88.4,92.8,97.11,97.11,93.72,93.72,97.03,97.03,87.93,87.93,97.03,97.03,91.39,91.39
2023,Brill,6920,97.79,97.79,89.6,94.29,97.79,97.79,95.17,95.17,97.54,97.54,89.06,89.06,97.54,97.54,92.99,92.99
2024,Brill,6962,97.4,97.4,88.34,92.37,97.4,97.4,93.29,93.29,97.34,97.34,88.37,88.37,97.34,97.34,92.09,92.09
2025,Brill,4087,97.46,97.46,88.92,94.2,97.46,97.46,94.69,94.69,97.5,97.5,90.19,90.19,97.5,97.5,94.54,94.54
2018,Bristol University Press,410,99.51,99.51,92.44,97.07,99.51,99.51,99.02,99.02,99.51,99.51,93.66,93.66,99.51,99.51,98.54,98.54
2019,Bristol University Press,511,99.61,99.61,91.19,95.3,99.61,99.61,96.09,96.09,99.61,99.61,92.37,92.37,99.61,99.61,97.06,97.06
2020,Bristol University Press,482,99.79,99.79,96.47,98.96,99.79,99.79,99.38,99.38,99.79,99.79,97.51,97.51,99.79,99.79,99.59,99.59
2021,Bristol University Press,440,99.55,99.55,96.36,99.32,99.55,99.55,99.55,99.55,99.55,99.55,97.05,97.05,99.55,99.55,97.95,97.95
2022,Bristol University Press,554,99.82,99.82,95.67,99.46,99.82,99.82,99.64,99.64,99.82,99.82,96.75,96.75,99.82,99.82,98.74,98.74
2023,Bristol University Press,541,99.45,99.45,97.23,98.71,99.45,99.45,98.71,98.71,99.45,99.45,97.23,97.23,99.45,99.45,98.89,98.89
2024,Bristol University Press,622,99.84,99.84,98.87,99.68,99.84,99.84,99.84,99.84,99.84,99.84,98.87,98.87,99.84,99.84,99.52,99.52
2025,Bristol University Press,436,99.77,99.77,97.02,99.31,99.77,99.77,99.54,99.54,99.77,99.77,97.71,97.71,99.77,99.77,99.54,99.54
2018,Cambridge University Press,23275,94.32,94.32,84.32,85.53,94.32,94.32,87.56,87.56,93.79,93.79,79.27,79.27,93.79,93.79,80.22,80.22
2019,Cambridge University Press,23261,94.45,94.45,85.85,86.91,94.45,94.45,89.04,89.04,93.93,93.93,80.57,80.57,93.93,93.93,81.86,81.86
2020,Cambridge University Press,25445,94.96,94.96,87.57,88.67,94.96,94.96,90.68,90.68,94.6,94.6,82.52,82.52,94.6,94.6,83.55,83.55
2021,Cambridge University Press,25337,95.15,95.15,88.46,89.61,95.15,95.15,91.26,91.26,94.73,94.73,84.52,84.52,94.73,94.73,84.2,84.2
2022,Cambridge University Press,23532,95.07,95.07,90.19,91.78,95.07,95.07,93.56,93.56,94.65,94.65,86.55,86.55,94.65,94.65,87.75,87.75
2023,Cambridge University Press,22890,95.63,95.63,90.38,91.74,95.63,95.63,92.7,92.7,95.35,95.35,87.43,87.43,95.35,95.35,88.34,88.34
2024,Cambridge University Press,21435,95.23,95.23,72.76,73.54,95.23,95.23,73.96,73.96,95.15,95.15,61.44,61.44,95.15,95.15,62.11,62.11
2025,Cambridge University Press,17960,97.22,97.22,47.54,48.02,97.22,97.22,48.47,48.47,97.24,97.24,73.45,73.45,97.24,97.24,74.38,74.38
2018,Company of Biologists,1762,99.72,99.72,95.8,96.03,99.72,99.72,96.03,96.03,98.69,98.69,95.63,95.63,98.69,98.69,97.28,97.28
2019,Company of Biologists,1725,98.55,98.55,94.9,95.25,98.55,98.55,95.36,95.36,98.14,98.14,94.78,94.78,98.14,98.14,97.68,97.68
2020,Company of Biologists,1785,99.22,99.22,94.4,94.68,99.22,99.22,94.79,94.79,97.65,97.65,94.17,94.17,97.65,97.65,96.92,96.92
2021,Company of Biologists,1651,98.85,98.85,94.61,94.85,98.85,98.85,95.28,95.28,96,96,94.97,94.97,96,96,97.64,97.64
2022,Company of Biologists,1517,99.41,99.41,93.94,94.26,99.41,99.41,94.59,94.59,96.11,96.11,93.74,93.74,96.11,96.11,97.63,97.63
2023,Company of Biologists,1461,99.59,99.59,94.32,94.39,99.59,99.59,95.14,95.14,93.43,93.43,94.87,94.87,93.43,93.43,98.36,98.36
2024,Company of Biologists,1374,96.58,96.58,96.87,97.09,96.58,96.58,97.74,97.74,91.92,91.92,96.65,96.65,91.92,91.92,98.4,98.4
2025,Company of Biologists,784,91.33,91.33,98.34,98.47,91.33,91.33,99.11,99.11,91.58,91.58,98.09,98.09,91.58,91.58,98.72,98.72
2018,Elsevier,529054,98.77,98.77,95.91,96.95,98.77,98.77,97.29,97.29,98.73,98.73,76.49,76.49,98.73,98.73,76.95,76.95
2019,Elsevier,553086,98.63,98.63,95.86,96.79,98.63,98.63,97.09,97.09,98.58,98.58,76.46,76.46,98.58,98.58,76.75,76.75
2020,Elsevier,604678,99.06,99.06,96.17,96.99,99.06,99.06,97.26,97.26,99.01,99.01,77.35,77.35,99.01,99.01,77.38,77.38
2021,Elsevier,614483,99.07,99.07,96.08,96.82,99.07,99.07,97.09,97.09,99.04,99.04,74.04,74.04,99.04,99.04,73.75,73.75
2022,Elsevier,625406,99.02,99.02,94.33,95.12,99.02,99.02,95.37,95.37,98.99,98.99,63.7,63.7,98.99,98.99,63.49,63.49
2023,Elsevier,666219,99.25,99.25,94.16,94.88,99.25,99.25,95.13,95.13,99.19,99.19,66.63,66.63,99.19,99.19,66.4,66.4
2024,Elsevier,772402,99.03,99.03,68.53,69,99.03,99.03,69.15,69.15,99.02,99.02,38.6,38.6,99.02,99.02,38.76,38.76
2025,Elsevier,592280,98.97,98.97,32.37,32.57,98.97,98.97,32.6,32.6,98.97,98.97,6.33,6.33,98.97,98.97,6,6
2018,Emerald,14499,98.46,98.46,97.14,98.93,98.46,98.46,99.22,99.22,98.46,98.46,96.55,96.55,98.46,98.46,98.49,98.49
2019,Emerald,15773,98.14,98.14,96.97,98.97,98.14,98.14,99.18,99.18,98.12,98.12,96.65,96.65,98.12,98.12,98.67,98.67
2020,Emerald,16632,98.15,98.15,97.44,99.04,98.15,98.15,99.22,99.22,98.12,98.12,96.97,96.97,98.12,98.12,98.5,98.5
2021,Emerald,18091,98.59,98.59,97.29,98.75,98.59,98.59,98.97,98.97,98.57,98.57,96.79,96.79,98.57,98.57,97.99,97.99
2022,Emerald,15882,98.34,98.34,97.58,99,98.34,98.34,99.5,99.5,98.33,98.33,97.14,97.14,98.33,98.33,98.56,98.56
2023,Emerald,16456,98.26,98.26,96.21,97.3,98.26,98.26,97.53,97.53,98.25,98.25,97.17,97.17,98.25,98.25,98.31,98.31
2024,Emerald,18322,98.29,98.29,47.9,48.37,98.29,98.29,48.46,48.46,98.27,98.27,66.01,66.01,98.27,98.27,66.9,66.9
2025,Emerald,13700,96.99,96.99,34.81,34.94,96.99,96.99,35.48,35.48,96.99,96.99,53.05,53.05,96.99,96.99,54.42,54.42
2018,IOP Publishing,21755,99.94,99.94,91.8,92.23,99.94,99.94,92.4,92.4,99.93,99.93,67.73,67.73,99.93,99.93,66.89,66.89
2019,IOP Publishing,24186,99.98,99.98,89.43,90,99.98,99.98,90.17,90.17,99.98,99.98,63.93,63.93,99.98,99.98,63.26,63.26
2020,IOP Publishing,23196,99.94,99.94,90.22,90.65,99.94,99.94,90.93,90.93,99.94,99.94,66.35,66.35,99.94,99.94,64.8,64.8
2021,IOP Publishing,22216,99.95,99.95,82.23,82.63,99.95,99.95,82.89,82.89,99.95,99.95,61.96,61.96,99.95,99.95,58.01,58.01
2022,IOP Publishing,19898,99.9,99.9,81.6,81.98,99.9,99.9,82.22,82.22,99.9,99.9,59.2,59.2,99.9,99.9,55.95,55.95
2023,IOP Publishing,20826,99.98,99.98,92.79,93.41,99.98,99.98,93.58,93.58,99.98,99.98,86.96,86.96,99.98,99.98,86.58,86.58
2024,IOP Publishing,26754,99.97,99.97,58.23,58.62,99.97,99.97,58.85,58.85,99.97,99.97,44.26,44.26,99.97,99.97,44.42,44.42
2025,IOP Publishing,15341,99.93,99.93,16.31,16.45,99.93,99.93,16.54,16.54,99.93,99.93,4.02,4.02,99.93,99.93,4.01,4.01
2018,IOS Press,5424,99.23,99.23,87.56,89.09,99.23,99.23,89.73,89.73,99.23,99.23,88.03,88.03,99.23,99.23,89.09,89.09
2019,IOS Press,5988,99.63,99.63,89.85,91.23,99.63,99.63,92.3,92.3,99.6,99.6,89.75,89.75,99.6,99.6,91.15,91.15
2020,IOS Press,6204,99.52,99.52,91.12,93.15,99.52,99.52,93.81,93.81,99.55,99.55,90.91,90.91,99.55,99.55,92.59,92.59
2021,IOS Press,6487,99.21,99.21,92.06,93.56,99.21,99.21,94.22,94.22,99.15,99.15,91.81,91.81,99.15,99.15,92.92,92.92
2022,IOS Press,5489,99.45,99.45,91.55,94.04,99.45,99.45,94.44,94.44,99.36,99.36,91.38,91.38,99.36,99.36,93.55,93.55
2023,IOS Press,5705,99.35,99.35,91.18,93.5,99.35,99.35,93.99,93.99,99.18,99.18,91.18,91.18,99.18,99.18,93.46,93.46
2024,IOS Press,5407,99.74,99.74,89.42,91.57,99.74,99.74,91.81,91.81,99.69,99.69,91.03,91.03,99.69,99.69,93.1,93.1
2025,IOS Press,4220,99.64,99.64,94.38,99.55,99.64,99.64,99.76,99.76,99.64,99.64,96.75,96.75,99.64,99.64,99.5,99.5
2018,IWA Publishing,1518,100,100,96.9,98.95,100,100,99.08,99.08,100,100,95.59,95.59,100,100,97.56,97.56
2019,IWA Publishing,1418,100,100,96.33,98.52,100,100,98.94,98.94,100,100,94.5,94.5,100,100,96.33,96.33
2020,IWA Publishing,1832,100,100,97.87,99.18,100,100,99.62,99.62,100,100,96.51,96.51,100,100,97.49,97.49
2021,IWA Publishing,1950,100,100,98.21,99.33,100,100,99.69,99.69,100,100,97.08,97.08,100,100,97.74,97.74
2022,IWA Publishing,1798,99.89,99.89,98.39,99.78,99.89,99.89,99.89,99.89,99.89,99.89,99.05,99.05,99.89,99.89,99.39,99.39
2023,IWA Publishing,1949,99.95,99.95,98.41,99.69,99.95,99.95,100,100,99.95,99.95,98.92,98.92,99.95,99.95,99.74,99.74
2024,IWA Publishing,1931,99.84,99.84,97.82,99.53,99.84,99.84,99.69,99.69,99.79,99.79,98.19,98.19,99.79,99.79,99.69,99.69
2025,IWA Publishing,606,100,100,95.05,97.52,100,100,97.52,97.52,100,100,98.35,98.35,100,100,99.17,99.17
2018,John Benjamins Publishing,1370,98.39,98.39,92.99,93.8,98.39,98.39,96.06,96.06,98.39,98.39,92.99,92.99,98.39,98.39,95.77,95.77
2019,John Benjamins Publishing,1531,98.17,98.17,92.62,93.08,98.17,98.17,95.62,95.62,98.11,98.11,92.49,92.49,98.11,98.11,95.69,95.69
2020,John Benjamins Publishing,1803,98.67,98.67,93.51,94.45,98.67,98.67,96.78,96.78,98.72,98.72,93.84,93.84,98.72,98.72,96.45,96.45
2021,John Benjamins Publishing,1321,98.26,98.26,93.41,93.79,98.26,98.26,95.76,95.76,98.18,98.18,92.81,92.81,98.18,98.18,94.63,94.63
2022,John Benjamins Publishing,1491,98.93,98.93,94.63,95.1,98.93,98.93,97.18,97.18,98.79,98.79,94.77,94.77,98.79,98.79,97.05,97.05
2023,John Benjamins Publishing,1552,98.65,98.65,94.39,94.91,98.65,98.65,96.91,96.91,98.58,98.58,94.39,94.39,98.58,98.58,96.46,96.46
2024,John Benjamins Publishing,1365,99.41,99.41,90.33,90.84,99.41,99.41,93.48,93.48,99.41,99.41,86.45,86.45,99.41,99.41,89.89,89.89
2025,John Benjamins Publishing,995,99.5,99.5,91.36,91.66,99.5,99.5,94.57,94.57,99.5,99.5,89.85,89.85,99.5,99.5,92.86,92.86
2018,Karger,5367,96.31,96.31,96.63,97.34,96.31,96.31,97.58,97.58,95.53,95.53,21.99,21.99,95.53,95.53,21.41,21.41
2019,Karger,5096,96.82,96.82,97.84,99,96.82,96.82,99.1,99.1,96.66,96.66,20.7,20.7,96.66,96.66,19.72,19.72
2020,Karger,5165,96.9,96.9,97.77,98.59,96.9,96.9,98.88,98.88,96.73,96.73,23.23,23.23,96.73,96.73,22.92,22.92
2021,Karger,6162,97.71,97.71,98.17,99.04,97.71,97.71,99.19,99.19,97.52,97.52,25.53,25.53,97.52,97.52,24.91,24.91
2022,Karger,4451,96.97,96.97,98.43,99.39,96.97,96.97,99.48,99.48,96.81,96.81,30.62,30.62,96.81,96.81,26.22,26.22
2023,Karger,4548,95.78,95.78,97.49,98.22,95.78,95.78,98.26,98.26,95.69,95.69,21.39,21.39,95.69,95.69,19.06,19.06
2024,Karger,4646,95.63,95.63,81.7,82.18,95.63,95.63,82.26,82.26,95.61,95.61,11.62,11.62,95.61,95.61,19.61,19.61
2025,Karger,3544,97.23,97.23,28.72,28.98,97.23,97.23,28.98,28.98,97.26,97.26,11.94,11.94,97.26,97.26,65.38,65.38
2018,Oxford University Press,54274,97.87,97.87,94.22,95.12,97.87,97.87,95.91,95.91,97.9,97.9,93.62,93.62,97.9,97.9,93.05,93.05
2019,Oxford University Press,55266,98.11,98.11,94.07,94.89,98.11,98.11,95.61,95.61,98.15,98.15,93.71,93.71,98.15,98.15,93.21,93.21
2020,Oxford University Press,62395,98.17,98.17,94.18,95.08,98.17,98.17,95.61,95.61,98.18,98.18,93.59,93.59,98.18,98.18,93.05,93.05
2021,Oxford University Press,60302,98.35,98.35,94.55,95.53,98.35,98.35,95.81,95.81,98.39,98.39,93.85,93.85,98.39,98.39,92.61,92.61
2022,Oxford University Press,54355,98.64,98.64,95.21,96.24,98.64,98.64,96.46,96.46,98.64,98.64,94.89,94.89,98.64,98.64,93.89,93.89
2023,Oxford University Press,56251,98.78,98.78,95.1,96.18,98.78,98.78,96.46,96.46,98.76,98.76,94.68,94.68,98.76,98.76,94.95,94.95
2024,Oxford University Press,57265,98.77,98.77,95.71,96.52,98.77,98.77,96.91,96.91,98.77,98.77,95.46,95.46,98.77,98.77,95.81,95.81
2025,Oxford University Press,34186,98.78,98.78,95.44,96.06,98.78,98.78,96.95,96.95,98.8,98.8,96.01,96,98.8,98.8,96.5,96.5
2018,Portland Press,1269,100,100,98.58,99.76,100,100,99.84,99.84,100,100,98.66,98.66,100,100,98.5,98.5
2019,Portland Press,1423,100,100,99.3,99.93,100,100,100,100,100,100,99.3,99.3,100,100,98.95,98.95
2020,Portland Press,1653,99.27,99.27,98.73,99.94,99.27,99.27,100,100,99.33,99.33,98.91,98.91,99.33,99.33,98.85,98.85
2021,Portland Press,1168,98.29,98.29,99.06,99.91,98.29,98.29,99.91,99.91,98.37,98.37,99.32,99.32,98.37,98.37,98.37,98.37
2022,Portland Press,757,99.21,99.21,99.87,100,99.21,99.21,100,100,99.21,99.21,99.87,99.87,99.21,99.21,99.08,99.08
2023,Portland Press,630,99.52,99.52,99.52,99.68,99.52,99.52,99.84,99.84,99.52,99.52,99.68,99.68,99.52,99.52,98.41,98.41
2024,Portland Press,552,98.73,98.73,99.28,99.64,98.73,98.73,99.82,99.82,98.73,98.73,99.28,99.28,98.73,98.73,98.73,98.73
2025,Portland Press,227,96.92,96.92,99.12,100,96.92,96.92,100,100,96.92,96.92,99.12,99.12,96.92,96.92,100,100
2018,Royal Society of Chemistry,33838,97.07,97.07,99.86,99.95,97.07,97.07,99.99,99.99,97.07,97.07,99.4,99.4,97.07,97.07,99.3,99.3
2019,Royal Society of Chemistry,34978,97.02,97.02,99.82,99.89,97.02,97.02,99.95,99.95,97.01,97.01,99.36,99.36,97.01,97.01,98.94,98.94
2020,Royal Society of Chemistry,36472,97.07,97.07,99.81,99.94,97.07,97.07,99.97,99.97,97.08,97.08,99.47,99.47,97.08,97.08,98.84,98.84
2021,Royal Society of Chemistry,34767,96.61,96.61,99.7,99.83,96.61,96.61,99.9,99.9,96.61,96.61,99.49,99.49,96.61,96.61,98.76,98.76
2022,Royal Society of Chemistry,34363,96.56,96.56,99.62,99.83,96.56,96.56,99.92,99.92,96.56,96.56,99.62,99.62,96.56,96.56,98.95,98.95
2023,Royal Society of Chemistry,34876,96.75,96.75,99.62,99.8,96.75,96.75,99.91,99.91,96.63,96.63,99.64,99.64,96.63,96.63,99.34,99.34
2024,Royal Society of Chemistry,36847,96.81,96.81,93.72,93.93,96.81,96.81,94.1,94.1,96.63,96.63,99.5,99.5,96.63,96.63,99.52,99.52
2025,Royal Society of Chemistry,24725,96.1,96.1,76.55,76.87,96.1,96.1,76.93,76.93,96.1,96.1,99.3,99.3,96.1,96.1,99.44,99.44
2018,Sage,67448,97.71,97.71,90.22,91.93,97.71,97.71,92.9,92.9,97.8,97.8,89.75,89.75,97.8,97.8,91.55,91.55
2019,Sage,70642,98.09,98.09,90.89,92.57,98.09,98.09,93.53,93.53,98.15,98.15,90.36,90.36,98.15,98.15,92.12,92.12
2020,Sage,78505,98.41,98.41,92.23,93.94,98.41,98.41,94.73,94.73,98.48,98.48,91.8,91.8,98.48,98.48,93.32,93.32
2021,Sage,78108,98.5,98.5,93.12,94.67,98.5,98.5,95.44,95.44,98.54,98.54,92.98,92.98,98.54,98.54,94.12,94.12
2022,Sage,76390,98.41,98.41,92.73,94.31,98.41,98.41,94.91,94.91,98.43,98.43,92.84,92.84,98.43,98.43,94.16,94.16
2023,Sage,73081,98.44,98.44,93.17,94.77,98.44,98.44,95.39,95.39,98.46,98.46,93.26,93.26,98.46,98.46,94.76,94.76
2024,Sage,73166,98.66,98.66,93.54,95.04,98.66,98.66,95.54,95.54,98.67,98.67,93.87,93.87,98.67,98.67,95.4,95.4
2025,Sage,53544,98.7,98.7,94.99,96.78,98.7,98.7,97.2,97.2,98.73,98.73,95.83,95.83,98.73,98.73,97.26,97.26
2018,Springer Nature,263260,99.27,99.27,98,99.22,99.27,99.27,99.53,99.53,99.34,99.34,96.84,96.84,99.34,99.34,96.29,96.29
2019,Springer Nature,279223,99.34,99.34,98.22,99.4,99.34,99.34,99.66,99.66,99.39,99.39,97.04,97.04,99.39,99.39,96.33,96.33
2020,Springer Nature,308499,99.5,99.5,98.23,99.47,99.5,99.5,99.74,99.74,99.52,99.52,97.11,97.11,99.52,99.52,95.92,95.92
2021,Springer Nature,346046,99.58,99.58,98.42,99.58,99.58,99.58,99.88,99.88,99.58,99.58,97.29,97.29,99.58,99.58,95.54,95.54
2022,Springer Nature,350068,99.56,99.56,98.51,99.56,99.56,99.56,99.89,99.89,99.58,99.58,97.1,97.1,99.58,99.58,96.57,96.57
2023,Springer Nature,348673,99.54,99.54,98.21,99.36,99.54,99.54,99.72,99.72,99.57,99.57,96.44,96.44,99.57,99.57,96.57,96.57
2024,Springer Nature,400502,99.6,99.6,91.67,92.66,99.6,99.6,92.93,92.93,99.65,99.65,81.34,81.34,99.65,99.65,82.04,82.04
2025,Springer Nature,330376,99.66,99.66,62.07,62.59,99.66,99.66,62.7,62.7,99.7,99.7,69.55,69.55,99.7,99.7,69.72,69.72
2018,Taylor & Francis,119516,98.9,98.9,91.58,93.18,98.9,98.9,96.09,96.09,98.96,98.96,95.25,95.25,98.96,98.96,95.33,95.33
2019,Taylor & Francis,133732,99.15,99.15,92.49,93.94,99.15,99.15,96.61,96.61,99.21,99.21,96.04,96.04,99.21,99.21,95.78,95.78
2020,Taylor & Francis,138140,99.33,99.33,92.76,94.15,99.33,99.33,96.85,96.85,99.37,99.37,96.48,96.48,99.37,99.37,95.89,95.89
2021,Taylor & Francis,138917,99.39,99.39,92.68,94.06,99.39,99.39,96.78,96.78,99.4,99.4,96.72,96.72,99.4,99.4,96.03,96.03
2022,Taylor & Francis,130293,99.44,99.44,92.82,94.2,99.44,99.44,96.78,96.78,99.45,99.45,96.77,96.77,99.45,99.45,96.19,96.19
2023,Taylor & Francis,122770,99.46,99.46,93.08,94.47,99.46,99.46,96.96,96.96,99.46,99.46,96.87,96.86,99.46,99.46,95.62,95.62
2024,Taylor & Francis,131139,99.46,99.46,93.68,95.03,99.46,99.46,96.59,96.59,99.47,99.47,96.03,96.03,99.47,99.47,95.79,95.79
2025,Taylor & Francis,107100,99.53,99.53,92.82,93.48,99.53,99.53,95.86,95.86,99.53,99.53,95.77,95.77,99.53,99.53,97.87,97.87
2018,The Royal Society,1729,99.83,99.83,99.25,99.71,99.83,99.83,99.77,99.77,99.88,99.88,94.91,94.91,99.88,99.88,92.08,92.08
2019,The Royal Society,1784,100,100,99.27,99.72,100,100,99.78,99.78,100,100,99.5,99.5,100,100,96.52,96.52
2020,The Royal Society,1908,99.9,99.9,98.69,99.16,99.9,99.9,99.53,99.53,100,100,98.79,98.79,100,100,96.23,96.23
2021,The Royal Society,1745,99.94,99.94,99.2,99.83,99.94,99.94,99.89,99.89,100,100,99.14,99.14,100,100,94.1,94.1
2022,The Royal Society,1649,100,100,99.51,99.88,100,100,100,100,100,100,99.7,99.7,100,100,95.03,95.03
2023,The Royal Society,1541,100,100,99.81,99.94,100,100,100,100,100,100,99.81,99.81,100,100,97.53,97.53
2024,The Royal Society,1500,100,100,99,99.8,100,100,99.93,99.93,100,100,99.07,99.07,100,100,98.13,98.13
2025,The Royal Society,1254,100,100,98.48,99.04,100,100,99.76,99.76,100,100,98.96,98.96,100,100,99.44,99.44
2018,Walter de Gruyter,15444,96.74,96.74,83.92,90.97,96.74,96.74,92.22,92.22,96.56,96.56,80.43,80.43,96.56,96.56,86.23,86.23
2019,Walter de Gruyter,15241,96.9,96.9,85.01,92.78,96.9,96.9,94.08,94.08,96.44,96.44,82.47,82.47,96.44,96.44,88.79,88.79
2020,Walter de Gruyter,16442,97.44,97.44,87.65,93.9,97.44,97.44,94.92,94.92,97.15,97.15,87.75,87.75,97.15,97.15,92.17,92.17
2021,Walter de Gruyter,16440,97.23,97.23,88.62,95.38,97.23,97.23,95.96,95.96,96.93,96.93,89.06,89.06,96.93,96.93,93.42,93.42
2022,Walter de Gruyter,16103,97.5,97.5,89.83,95.75,97.5,97.5,96.39,96.39,97.12,97.12,90.09,90.09,97.12,97.12,94.75,94.75
2023,Walter de Gruyter,15869,97.09,97.09,91.33,96.55,97.09,97.09,97.25,97.25,96.74,96.74,91.59,91.59,96.74,96.74,95.82,95.82
2024,Walter de Gruyter,16151,97.17,97.17,91.12,96.1,97.17,97.17,96.68,96.68,97.01,97.01,91.23,91.23,97.01,97.01,96.2,96.2
2025,Walter de Gruyter,10572,97.1,97.1,91.88,97.28,97.1,97.1,97.67,97.67,97.12,97.12,93.3,93.3,97.12,97.12,97.42,97.42
2018,Wiley,210374,98.29,98.29,96.85,97.68,98.29,98.29,98.1,98.1,98.3,98.3,96.9,96.9,98.3,98.3,96.82,96.82
2019,Wiley,219344,98.41,98.41,97.07,97.85,98.41,98.41,98.25,98.25,98.44,98.44,97.26,97.26,98.44,98.44,96.93,96.93
2020,Wiley,246924,98.64,98.64,97.29,98.06,98.64,98.64,98.42,98.42,98.65,98.65,97.61,97.61,98.65,98.65,96.96,96.96
2021,Wiley,245146,98.69,98.69,97.38,98.17,98.69,98.69,98.49,98.49,98.7,98.7,97.76,97.76,98.7,98.7,96.77,96.77
2022,Wiley,235828,98.69,98.69,97.61,98.47,98.69,98.69,98.75,98.75,98.7,98.7,98.03,98.03,98.7,98.7,97.32,97.32
2023,Wiley,223394,98.97,98.97,97.73,98.48,98.97,98.97,98.8,98.8,98.96,98.96,98.17,98.17,98.96,98.96,97.65,97.65
2024,Wiley,244225,99.14,99.14,97.08,97.83,99.14,99.14,98.14,98.14,99.14,99.14,96.3,96.3,99.14,99.14,96.71,96.71
2025,Wiley,198034,98.97,98.97,95.99,96.79,98.97,98.97,97.01,97.01,98.98,98.98,96.79,96.79,98.98,98.98,97.02,97.02
